{
    "metrics": {
        "errors": {
            "passes": 37991,
            "fails": 0,
            "thresholds": {
                "rate<0.005": true
            },
            "value": 1
        },
        "http_req_receiving": {
            "p(95)": 3.2469055,
            "avg": 1.141513113342631,
            "min": 0.02219,
            "med": 0.75902,
            "max": 62.946993,
            "p(90)": 2.23272
        },
        "data_received": {
            "count": 48367492,
            "rate": 80495.4872130728
        },
        "http_req_failed": {
            "passes": 34991,
            "fails": 3000,
            "value": 0.9210339290884684
        },
        "checks": {
            "passes": 3000,
            "fails": 72982,
            "value": 0.03948303545576584
        },
        "iteration_duration": {
            "p(90)": 1758.265541,
            "p(95)": 1806.9956630000001,
            "avg": 1559.3925847890441,
            "min": 910.862327,
            "med": 1585.951009,
            "max": 2622.526617
        },
        "dropped_iterations": {
            "count": 112009,
            "rate": 186.41072039147846
        },
        "http_req_sending": {
            "p(90)": 0.52993,
            "p(95)": 0.77695,
            "avg": 0.37824582716959493,
            "min": 0.05914,
            "med": 0.30524,
            "max": 19.813691
        },
        "http_reqs": {
            "rate": 63.226434290036146,
            "count": 37991
        },
        "http_req_waiting": {
            "min": 685.23204,
            "med": 1483.542743,
            "max": 2520.784701,
            "p(90)": 1655.342194,
            "p(95)": 1704.2180349999999,
            "avg": 1456.704939654577
        },
        "vus": {
            "value": 100,
            "min": 66,
            "max": 100
        },
        "http_req_connecting": {
            "p(95)": 0,
            "avg": 0.011432801689873914,
            "min": 0,
            "med": 0,
            "max": 40.065521,
            "p(90)": 0
        },
        "vus_max": {
            "value": 100,
            "min": 100,
            "max": 100
        },
        "iterations": {
            "count": 37991,
            "rate": 63.226434290036146
        },
        "data_sent": {
            "count": 3094215,
            "rate": 5149.540190485752
        },
        "http_req_tls_handshaking": {
            "p(90)": 0,
            "p(95)": 0,
            "avg": 0.2542590752546656,
            "min": 0,
            "med": 0,
            "max": 258.553287
        },
        "http_req_duration": {
            "p(90)": 1656.843433,
            "p(95)": 1705.4046899999998,
            "avg": 1458.2246985950876,
            "min": 687.93683,
            "med": 1485.14094,
            "max": 2521.687051,
            "thresholds": {
                "p(95)<120": true
            }
        },
        "http_req_blocked": {
            "p(95)": 0.00045,
            "avg": 0.2703857144060826,
            "min": 0.00009,
            "med": 0.00026,
            "max": 261.340107,
            "p(90)": 0.00039
        },
        "http_req_duration{expected_response:true}": {
            "avg": 1484.215694495,
            "min": 687.93683,
            "med": 1529.8620085,
            "max": 2399.381495,
            "p(90)": 1636.3179396,
            "p(95)": 1707.4564391
        }
    },
    "root_group": {
        "name": "",
        "path": "",
        "id": "d41d8cd98f00b204e9800998ecf8427e",
        "groups": {},
        "checks": {
                "status 200": {
                    "name": "status 200",
                    "path": "::status 200",
                    "id": "fad9fa412b86fcb03bee97c80dcd61f1",
                    "passes": 3000,
                    "fails": 34991
                },
                "latency <120ms": {
                    "name": "latency <120ms",
                    "path": "::latency <120ms",
                    "id": "cb8f0e43950ad26d8d369a229a1b72f5",
                    "passes": 0,
                    "fails": 37991
                }
            }
    }
}